﻿<hostitem:hostItem hostitem:baseType="Microsoft.Office.Tools.Excel.WorksheetBase" hostitem:namespace="KMIQ" hostitem:className="Sheet4" hostitem:identifier="Sheet4" hostitem:primaryCookie="Sheet4" hostitem:factoryType="Microsoft.Office.Tools.Excel.Factory" hostitem:startupIndex="7" xmlns:hostitem="http://schemas.microsoft.com/2004/VisualStudio/Tools/Applications/HostItem.xsd">
  <hostitem:hostControl hostitem:name="Sheet4!Print_Area" hostitem:identifier="Sheet4_Print_Area" hostitem:type="Microsoft.Office.Tools.Excel.NamedRange" hostitem:primaryCookie="Sheet4!Print_Area" hostitem:extenderCookie="" hostitem:modifier="Internal" />
  <hostitem:hostControl hostitem:name="Object 20" hostitem:identifier="Object_20" hostitem:type="Microsoft.Office.Tools.Excel.Chart" hostitem:primaryCookie="Sheet4:Object 20" hostitem:extenderCookie="" hostitem:modifier="Internal" />
  <hostitem:componentsDeclaration />
  <hostitem:componentsInitialization><![CDATA[<SOAP-ENV:Envelope xmlns:xsi="http://www.w3.org/2001/XMLSchema-instance" xmlns:xsd="http://www.w3.org/2001/XMLSchema" xmlns:SOAP-ENC="http://schemas.xmlsoap.org/soap/encoding/" xmlns:SOAP-ENV="http://schemas.xmlsoap.org/soap/envelope/" xmlns:clr="http://schemas.microsoft.com/soap/encoding/clr/1.0" SOAP-ENV:encodingStyle="http://schemas.xmlsoap.org/soap/encoding/">
<SOAP-ENV:Body>
<a1:CodeStatementCollection id="ref-1" xmlns:a1="http://schemas.microsoft.com/clr/nsassem/System.CodeDom/System%2C%20Version%3D4.0.0.0%2C%20Culture%3Dneutral%2C%20PublicKeyToken%3Db77a5c561934e089">
<CollectionBase_x002B_list href="#ref-3"/>
</a1:CodeStatementCollection>
<a2:ArrayList id="ref-3" xmlns:a2="http://schemas.microsoft.com/clr/ns/System.Collections">
<_items href="#ref-4"/>
<_size>15</_size>
<_version>15</_version>
</a2:ArrayList>
<SOAP-ENC:Array id="ref-4" SOAP-ENC:arrayType="xsd:anyType[16]">
<item href="#ref-5"/>
<item href="#ref-6"/>
<item href="#ref-7"/>
<item href="#ref-8"/>
<item href="#ref-9"/>
<item href="#ref-10"/>
<item href="#ref-11"/>
<item href="#ref-12"/>
<item href="#ref-13"/>
<item href="#ref-14"/>
<item href="#ref-15"/>
<item href="#ref-16"/>
<item href="#ref-17"/>
<item href="#ref-18"/>
<item href="#ref-19"/>
</SOAP-ENC:Array>
<a1:CodeCommentStatement id="ref-5" xmlns:a1="http://schemas.microsoft.com/clr/nsassem/System.CodeDom/System%2C%20Version%3D4.0.0.0%2C%20Culture%3Dneutral%2C%20PublicKeyToken%3Db77a5c561934e089">
<comment href="#ref-20"/>
<CodeStatement_x002B_linePragma xsi:null="1"/>
<CodeStatement_x002B_startDirectives href="#ref-21"/>
<CodeStatement_x002B_endDirectives href="#ref-22"/>
<CodeObject_x002B_userData href="#ref-23"/>
</a1:CodeCommentStatement>
<a1:CodeCommentStatement id="ref-6" xmlns:a1="http://schemas.microsoft.com/clr/nsassem/System.CodeDom/System%2C%20Version%3D4.0.0.0%2C%20Culture%3Dneutral%2C%20PublicKeyToken%3Db77a5c561934e089">
<comment href="#ref-24"/>
<CodeStatement_x002B_linePragma xsi:null="1"/>
<CodeStatement_x002B_startDirectives href="#ref-25"/>
<CodeStatement_x002B_endDirectives href="#ref-26"/>
<CodeObject_x002B_userData href="#ref-27"/>
</a1:CodeCommentStatement>
<a1:CodeCommentStatement id="ref-7" xmlns:a1="http://schemas.microsoft.com/clr/nsassem/System.CodeDom/System%2C%20Version%3D4.0.0.0%2C%20Culture%3Dneutral%2C%20PublicKeyToken%3Db77a5c561934e089">
<comment href="#ref-28"/>
<CodeStatement_x002B_linePragma xsi:null="1"/>
<CodeStatement_x002B_startDirectives href="#ref-29"/>
<CodeStatement_x002B_endDirectives href="#ref-30"/>
<CodeObject_x002B_userData href="#ref-31"/>
</a1:CodeCommentStatement>
<a1:CodeAssignStatement id="ref-8" xmlns:a1="http://schemas.microsoft.com/clr/nsassem/System.CodeDom/System%2C%20Version%3D4.0.0.0%2C%20Culture%3Dneutral%2C%20PublicKeyToken%3Db77a5c561934e089">
<left href="#ref-32"/>
<right href="#ref-33"/>
<CodeStatement_x002B_linePragma xsi:null="1"/>
<CodeStatement_x002B_startDirectives href="#ref-34"/>
<CodeStatement_x002B_endDirectives href="#ref-35"/>
<CodeObject_x002B_userData href="#ref-36"/>
</a1:CodeAssignStatement>
<a1:CodeCommentStatement id="ref-9" xmlns:a1="http://schemas.microsoft.com/clr/nsassem/System.CodeDom/System%2C%20Version%3D4.0.0.0%2C%20Culture%3Dneutral%2C%20PublicKeyToken%3Db77a5c561934e089">
<comment href="#ref-37"/>
<CodeStatement_x002B_linePragma xsi:null="1"/>
<CodeStatement_x002B_startDirectives href="#ref-38"/>
<CodeStatement_x002B_endDirectives href="#ref-39"/>
<CodeObject_x002B_userData href="#ref-40"/>
</a1:CodeCommentStatement>
<a1:CodeCommentStatement id="ref-10" xmlns:a1="http://schemas.microsoft.com/clr/nsassem/System.CodeDom/System%2C%20Version%3D4.0.0.0%2C%20Culture%3Dneutral%2C%20PublicKeyToken%3Db77a5c561934e089">
<comment href="#ref-41"/>
<CodeStatement_x002B_linePragma xsi:null="1"/>
<CodeStatement_x002B_startDirectives href="#ref-42"/>
<CodeStatement_x002B_endDirectives href="#ref-43"/>
<CodeObject_x002B_userData href="#ref-44"/>
</a1:CodeCommentStatement>
<a1:CodeCommentStatement id="ref-11" xmlns:a1="http://schemas.microsoft.com/clr/nsassem/System.CodeDom/System%2C%20Version%3D4.0.0.0%2C%20Culture%3Dneutral%2C%20PublicKeyToken%3Db77a5c561934e089">
<comment href="#ref-45"/>
<CodeStatement_x002B_linePragma xsi:null="1"/>
<CodeStatement_x002B_startDirectives href="#ref-46"/>
<CodeStatement_x002B_endDirectives href="#ref-47"/>
<CodeObject_x002B_userData href="#ref-48"/>
</a1:CodeCommentStatement>
<a1:CodeAssignStatement id="ref-12" xmlns:a1="http://schemas.microsoft.com/clr/nsassem/System.CodeDom/System%2C%20Version%3D4.0.0.0%2C%20Culture%3Dneutral%2C%20PublicKeyToken%3Db77a5c561934e089">
<left href="#ref-49"/>
<right href="#ref-50"/>
<CodeStatement_x002B_linePragma xsi:null="1"/>
<CodeStatement_x002B_startDirectives href="#ref-51"/>
<CodeStatement_x002B_endDirectives href="#ref-52"/>
<CodeObject_x002B_userData href="#ref-53"/>
</a1:CodeAssignStatement>
<a1:CodeCommentStatement id="ref-13" xmlns:a1="http://schemas.microsoft.com/clr/nsassem/System.CodeDom/System%2C%20Version%3D4.0.0.0%2C%20Culture%3Dneutral%2C%20PublicKeyToken%3Db77a5c561934e089">
<comment href="#ref-54"/>
<CodeStatement_x002B_linePragma xsi:null="1"/>
<CodeStatement_x002B_startDirectives href="#ref-55"/>
<CodeStatement_x002B_endDirectives href="#ref-56"/>
<CodeObject_x002B_userData href="#ref-57"/>
</a1:CodeCommentStatement>
<a1:CodeCommentStatement id="ref-14" xmlns:a1="http://schemas.microsoft.com/clr/nsassem/System.CodeDom/System%2C%20Version%3D4.0.0.0%2C%20Culture%3Dneutral%2C%20PublicKeyToken%3Db77a5c561934e089">
<comment href="#ref-58"/>
<CodeStatement_x002B_linePragma xsi:null="1"/>
<CodeStatement_x002B_startDirectives href="#ref-59"/>
<CodeStatement_x002B_endDirectives href="#ref-60"/>
<CodeObject_x002B_userData href="#ref-61"/>
</a1:CodeCommentStatement>
<a1:CodeCommentStatement id="ref-15" xmlns:a1="http://schemas.microsoft.com/clr/nsassem/System.CodeDom/System%2C%20Version%3D4.0.0.0%2C%20Culture%3Dneutral%2C%20PublicKeyToken%3Db77a5c561934e089">
<comment href="#ref-62"/>
<CodeStatement_x002B_linePragma xsi:null="1"/>
<CodeStatement_x002B_startDirectives href="#ref-63"/>
<CodeStatement_x002B_endDirectives href="#ref-64"/>
<CodeObject_x002B_userData href="#ref-65"/>
</a1:CodeCommentStatement>
<a1:CodeAssignStatement id="ref-16" xmlns:a1="http://schemas.microsoft.com/clr/nsassem/System.CodeDom/System%2C%20Version%3D4.0.0.0%2C%20Culture%3Dneutral%2C%20PublicKeyToken%3Db77a5c561934e089">
<left href="#ref-66"/>
<right href="#ref-67"/>
<CodeStatement_x002B_linePragma xsi:null="1"/>
<CodeStatement_x002B_startDirectives href="#ref-68"/>
<CodeStatement_x002B_endDirectives href="#ref-69"/>
<CodeObject_x002B_userData href="#ref-70"/>
</a1:CodeAssignStatement>
<a1:CodeCommentStatement id="ref-17" xmlns:a1="http://schemas.microsoft.com/clr/nsassem/System.CodeDom/System%2C%20Version%3D4.0.0.0%2C%20Culture%3Dneutral%2C%20PublicKeyToken%3Db77a5c561934e089">
<comment href="#ref-71"/>
<CodeStatement_x002B_linePragma xsi:null="1"/>
<CodeStatement_x002B_startDirectives href="#ref-72"/>
<CodeStatement_x002B_endDirectives href="#ref-73"/>
<CodeObject_x002B_userData href="#ref-74"/>
</a1:CodeCommentStatement>
<a1:CodeCommentStatement id="ref-18" xmlns:a1="http://schemas.microsoft.com/clr/nsassem/System.CodeDom/System%2C%20Version%3D4.0.0.0%2C%20Culture%3Dneutral%2C%20PublicKeyToken%3Db77a5c561934e089">
<comment href="#ref-75"/>
<CodeStatement_x002B_linePragma xsi:null="1"/>
<CodeStatement_x002B_startDirectives href="#ref-76"/>
<CodeStatement_x002B_endDirectives href="#ref-77"/>
<CodeObject_x002B_userData href="#ref-78"/>
</a1:CodeCommentStatement>
<a1:CodeCommentStatement id="ref-19" xmlns:a1="http://schemas.microsoft.com/clr/nsassem/System.CodeDom/System%2C%20Version%3D4.0.0.0%2C%20Culture%3Dneutral%2C%20PublicKeyToken%3Db77a5c561934e089">
<comment href="#ref-79"/>
<CodeStatement_x002B_linePragma xsi:null="1"/>
<CodeStatement_x002B_startDirectives href="#ref-80"/>
<CodeStatement_x002B_endDirectives href="#ref-81"/>
<CodeObject_x002B_userData href="#ref-82"/>
</a1:CodeCommentStatement>
<a1:CodeComment id="ref-20" xmlns:a1="http://schemas.microsoft.com/clr/nsassem/System.CodeDom/System%2C%20Version%3D4.0.0.0%2C%20Culture%3Dneutral%2C%20PublicKeyToken%3Db77a5c561934e089">
<text id="ref-83"></text>
<docComment>false</docComment>
<CodeObject_x002B_userData href="#ref-84"/>
</a1:CodeComment>
<a1:CodeDirectiveCollection id="ref-21" xmlns:a1="http://schemas.microsoft.com/clr/nsassem/System.CodeDom/System%2C%20Version%3D4.0.0.0%2C%20Culture%3Dneutral%2C%20PublicKeyToken%3Db77a5c561934e089">
<CollectionBase_x002B_list href="#ref-85"/>
</a1:CodeDirectiveCollection>
<a1:CodeDirectiveCollection id="ref-22" xmlns:a1="http://schemas.microsoft.com/clr/nsassem/System.CodeDom/System%2C%20Version%3D4.0.0.0%2C%20Culture%3Dneutral%2C%20PublicKeyToken%3Db77a5c561934e089">
<CollectionBase_x002B_list href="#ref-86"/>
</a1:CodeDirectiveCollection>
<a4:ListDictionary id="ref-23" xmlns:a4="http://schemas.microsoft.com/clr/nsassem/System.Collections.Specialized/System%2C%20Version%3D4.0.0.0%2C%20Culture%3Dneutral%2C%20PublicKeyToken%3Db77a5c561934e089">
<head xsi:null="1"/>
<version>0</version>
<count>0</count>
<comparer xsi:null="1"/>
</a4:ListDictionary>
<a1:CodeComment id="ref-24" xmlns:a1="http://schemas.microsoft.com/clr/nsassem/System.CodeDom/System%2C%20Version%3D4.0.0.0%2C%20Culture%3Dneutral%2C%20PublicKeyToken%3Db77a5c561934e089">
<text id="ref-87">Chart_5</text>
<docComment>false</docComment>
<CodeObject_x002B_userData href="#ref-88"/>
</a1:CodeComment>
<a1:CodeDirectiveCollection id="ref-25" xmlns:a1="http://schemas.microsoft.com/clr/nsassem/System.CodeDom/System%2C%20Version%3D4.0.0.0%2C%20Culture%3Dneutral%2C%20PublicKeyToken%3Db77a5c561934e089">
<CollectionBase_x002B_list href="#ref-89"/>
</a1:CodeDirectiveCollection>
<a1:CodeDirectiveCollection id="ref-26" xmlns:a1="http://schemas.microsoft.com/clr/nsassem/System.CodeDom/System%2C%20Version%3D4.0.0.0%2C%20Culture%3Dneutral%2C%20PublicKeyToken%3Db77a5c561934e089">
<CollectionBase_x002B_list href="#ref-90"/>
</a1:CodeDirectiveCollection>
<a4:ListDictionary id="ref-27" xmlns:a4="http://schemas.microsoft.com/clr/nsassem/System.Collections.Specialized/System%2C%20Version%3D4.0.0.0%2C%20Culture%3Dneutral%2C%20PublicKeyToken%3Db77a5c561934e089">
<head xsi:null="1"/>
<version>0</version>
<count>0</count>
<comparer xsi:null="1"/>
</a4:ListDictionary>
<a1:CodeComment id="ref-28" xmlns:a1="http://schemas.microsoft.com/clr/nsassem/System.CodeDom/System%2C%20Version%3D4.0.0.0%2C%20Culture%3Dneutral%2C%20PublicKeyToken%3Db77a5c561934e089">
<text href="#ref-83"/>
<docComment>false</docComment>
<CodeObject_x002B_userData href="#ref-91"/>
</a1:CodeComment>
<a1:CodeDirectiveCollection id="ref-29" xmlns:a1="http://schemas.microsoft.com/clr/nsassem/System.CodeDom/System%2C%20Version%3D4.0.0.0%2C%20Culture%3Dneutral%2C%20PublicKeyToken%3Db77a5c561934e089">
<CollectionBase_x002B_list href="#ref-92"/>
</a1:CodeDirectiveCollection>
<a1:CodeDirectiveCollection id="ref-30" xmlns:a1="http://schemas.microsoft.com/clr/nsassem/System.CodeDom/System%2C%20Version%3D4.0.0.0%2C%20Culture%3Dneutral%2C%20PublicKeyToken%3Db77a5c561934e089">
<CollectionBase_x002B_list href="#ref-93"/>
</a1:CodeDirectiveCollection>
<a4:ListDictionary id="ref-31" xmlns:a4="http://schemas.microsoft.com/clr/nsassem/System.Collections.Specialized/System%2C%20Version%3D4.0.0.0%2C%20Culture%3Dneutral%2C%20PublicKeyToken%3Db77a5c561934e089">
<head xsi:null="1"/>
<version>0</version>
<count>0</count>
<comparer xsi:null="1"/>
</a4:ListDictionary>
<a1:CodePropertyReferenceExpression id="ref-32" xmlns:a1="http://schemas.microsoft.com/clr/nsassem/System.CodeDom/System%2C%20Version%3D4.0.0.0%2C%20Culture%3Dneutral%2C%20PublicKeyToken%3Db77a5c561934e089">
<targetObject href="#ref-94"/>
<propertyName id="ref-95">DefaultDataSourceUpdateMode</propertyName>
<parameters href="#ref-96"/>
<CodeObject_x002B_userData href="#ref-97"/>
</a1:CodePropertyReferenceExpression>
<a1:CodeFieldReferenceExpression id="ref-33" xmlns:a1="http://schemas.microsoft.com/clr/nsassem/System.CodeDom/System%2C%20Version%3D4.0.0.0%2C%20Culture%3Dneutral%2C%20PublicKeyToken%3Db77a5c561934e089">
<targetObject href="#ref-98"/>
<fieldName id="ref-99">Never</fieldName>
<CodeObject_x002B_userData href="#ref-100"/>
</a1:CodeFieldReferenceExpression>
<a1:CodeDirectiveCollection id="ref-34" xmlns:a1="http://schemas.microsoft.com/clr/nsassem/System.CodeDom/System%2C%20Version%3D4.0.0.0%2C%20Culture%3Dneutral%2C%20PublicKeyToken%3Db77a5c561934e089">
<CollectionBase_x002B_list href="#ref-101"/>
</a1:CodeDirectiveCollection>
<a1:CodeDirectiveCollection id="ref-35" xmlns:a1="http://schemas.microsoft.com/clr/nsassem/System.CodeDom/System%2C%20Version%3D4.0.0.0%2C%20Culture%3Dneutral%2C%20PublicKeyToken%3Db77a5c561934e089">
<CollectionBase_x002B_list href="#ref-102"/>
</a1:CodeDirectiveCollection>
<a4:ListDictionary id="ref-36" xmlns:a4="http://schemas.microsoft.com/clr/nsassem/System.Collections.Specialized/System%2C%20Version%3D4.0.0.0%2C%20Culture%3Dneutral%2C%20PublicKeyToken%3Db77a5c561934e089">
<head xsi:null="1"/>
<version>0</version>
<count>0</count>
<comparer xsi:null="1"/>
</a4:ListDictionary>
<a1:CodeComment id="ref-37" xmlns:a1="http://schemas.microsoft.com/clr/nsassem/System.CodeDom/System%2C%20Version%3D4.0.0.0%2C%20Culture%3Dneutral%2C%20PublicKeyToken%3Db77a5c561934e089">
<text href="#ref-83"/>
<docComment>false</docComment>
<CodeObject_x002B_userData href="#ref-103"/>
</a1:CodeComment>
<a1:CodeDirectiveCollection id="ref-38" xmlns:a1="http://schemas.microsoft.com/clr/nsassem/System.CodeDom/System%2C%20Version%3D4.0.0.0%2C%20Culture%3Dneutral%2C%20PublicKeyToken%3Db77a5c561934e089">
<CollectionBase_x002B_list href="#ref-104"/>
</a1:CodeDirectiveCollection>
<a1:CodeDirectiveCollection id="ref-39" xmlns:a1="http://schemas.microsoft.com/clr/nsassem/System.CodeDom/System%2C%20Version%3D4.0.0.0%2C%20Culture%3Dneutral%2C%20PublicKeyToken%3Db77a5c561934e089">
<CollectionBase_x002B_list href="#ref-105"/>
</a1:CodeDirectiveCollection>
<a4:ListDictionary id="ref-40" xmlns:a4="http://schemas.microsoft.com/clr/nsassem/System.Collections.Specialized/System%2C%20Version%3D4.0.0.0%2C%20Culture%3Dneutral%2C%20PublicKeyToken%3Db77a5c561934e089">
<head xsi:null="1"/>
<version>0</version>
<count>0</count>
<comparer xsi:null="1"/>
</a4:ListDictionary>
<a1:CodeComment id="ref-41" xmlns:a1="http://schemas.microsoft.com/clr/nsassem/System.CodeDom/System%2C%20Version%3D4.0.0.0%2C%20Culture%3Dneutral%2C%20PublicKeyToken%3Db77a5c561934e089">
<text id="ref-106">Sheet4_Print_Area</text>
<docComment>false</docComment>
<CodeObject_x002B_userData href="#ref-107"/>
</a1:CodeComment>
<a1:CodeDirectiveCollection id="ref-42" xmlns:a1="http://schemas.microsoft.com/clr/nsassem/System.CodeDom/System%2C%20Version%3D4.0.0.0%2C%20Culture%3Dneutral%2C%20PublicKeyToken%3Db77a5c561934e089">
<CollectionBase_x002B_list href="#ref-108"/>
</a1:CodeDirectiveCollection>
<a1:CodeDirectiveCollection id="ref-43" xmlns:a1="http://schemas.microsoft.com/clr/nsassem/System.CodeDom/System%2C%20Version%3D4.0.0.0%2C%20Culture%3Dneutral%2C%20PublicKeyToken%3Db77a5c561934e089">
<CollectionBase_x002B_list href="#ref-109"/>
</a1:CodeDirectiveCollection>
<a4:ListDictionary id="ref-44" xmlns:a4="http://schemas.microsoft.com/clr/nsassem/System.Collections.Specialized/System%2C%20Version%3D4.0.0.0%2C%20Culture%3Dneutral%2C%20PublicKeyToken%3Db77a5c561934e089">
<head xsi:null="1"/>
<version>0</version>
<count>0</count>
<comparer xsi:null="1"/>
</a4:ListDictionary>
<a1:CodeComment id="ref-45" xmlns:a1="http://schemas.microsoft.com/clr/nsassem/System.CodeDom/System%2C%20Version%3D4.0.0.0%2C%20Culture%3Dneutral%2C%20PublicKeyToken%3Db77a5c561934e089">
<text href="#ref-83"/>
<docComment>false</docComment>
<CodeObject_x002B_userData href="#ref-110"/>
</a1:CodeComment>
<a1:CodeDirectiveCollection id="ref-46" xmlns:a1="http://schemas.microsoft.com/clr/nsassem/System.CodeDom/System%2C%20Version%3D4.0.0.0%2C%20Culture%3Dneutral%2C%20PublicKeyToken%3Db77a5c561934e089">
<CollectionBase_x002B_list href="#ref-111"/>
</a1:CodeDirectiveCollection>
<a1:CodeDirectiveCollection id="ref-47" xmlns:a1="http://schemas.microsoft.com/clr/nsassem/System.CodeDom/System%2C%20Version%3D4.0.0.0%2C%20Culture%3Dneutral%2C%20PublicKeyToken%3Db77a5c561934e089">
<CollectionBase_x002B_list href="#ref-112"/>
</a1:CodeDirectiveCollection>
<a4:ListDictionary id="ref-48" xmlns:a4="http://schemas.microsoft.com/clr/nsassem/System.Collections.Specialized/System%2C%20Version%3D4.0.0.0%2C%20Culture%3Dneutral%2C%20PublicKeyToken%3Db77a5c561934e089">
<head xsi:null="1"/>
<version>0</version>
<count>0</count>
<comparer xsi:null="1"/>
</a4:ListDictionary>
<a1:CodePropertyReferenceExpression id="ref-49" xmlns:a1="http://schemas.microsoft.com/clr/nsassem/System.CodeDom/System%2C%20Version%3D4.0.0.0%2C%20Culture%3Dneutral%2C%20PublicKeyToken%3Db77a5c561934e089">
<targetObject href="#ref-113"/>
<propertyName href="#ref-95"/>
<parameters href="#ref-114"/>
<CodeObject_x002B_userData href="#ref-115"/>
</a1:CodePropertyReferenceExpression>
<a1:CodeFieldReferenceExpression id="ref-50" xmlns:a1="http://schemas.microsoft.com/clr/nsassem/System.CodeDom/System%2C%20Version%3D4.0.0.0%2C%20Culture%3Dneutral%2C%20PublicKeyToken%3Db77a5c561934e089">
<targetObject href="#ref-116"/>
<fieldName href="#ref-99"/>
<CodeObject_x002B_userData href="#ref-117"/>
</a1:CodeFieldReferenceExpression>
<a1:CodeDirectiveCollection id="ref-51" xmlns:a1="http://schemas.microsoft.com/clr/nsassem/System.CodeDom/System%2C%20Version%3D4.0.0.0%2C%20Culture%3Dneutral%2C%20PublicKeyToken%3Db77a5c561934e089">
<CollectionBase_x002B_list href="#ref-118"/>
</a1:CodeDirectiveCollection>
<a1:CodeDirectiveCollection id="ref-52" xmlns:a1="http://schemas.microsoft.com/clr/nsassem/System.CodeDom/System%2C%20Version%3D4.0.0.0%2C%20Culture%3Dneutral%2C%20PublicKeyToken%3Db77a5c561934e089">
<CollectionBase_x002B_list href="#ref-119"/>
</a1:CodeDirectiveCollection>
<a4:ListDictionary id="ref-53" xmlns:a4="http://schemas.microsoft.com/clr/nsassem/System.Collections.Specialized/System%2C%20Version%3D4.0.0.0%2C%20Culture%3Dneutral%2C%20PublicKeyToken%3Db77a5c561934e089">
<head xsi:null="1"/>
<version>0</version>
<count>0</count>
<comparer xsi:null="1"/>
</a4:ListDictionary>
<a1:CodeComment id="ref-54" xmlns:a1="http://schemas.microsoft.com/clr/nsassem/System.CodeDom/System%2C%20Version%3D4.0.0.0%2C%20Culture%3Dneutral%2C%20PublicKeyToken%3Db77a5c561934e089">
<text href="#ref-83"/>
<docComment>false</docComment>
<CodeObject_x002B_userData href="#ref-120"/>
</a1:CodeComment>
<a1:CodeDirectiveCollection id="ref-55" xmlns:a1="http://schemas.microsoft.com/clr/nsassem/System.CodeDom/System%2C%20Version%3D4.0.0.0%2C%20Culture%3Dneutral%2C%20PublicKeyToken%3Db77a5c561934e089">
<CollectionBase_x002B_list href="#ref-121"/>
</a1:CodeDirectiveCollection>
<a1:CodeDirectiveCollection id="ref-56" xmlns:a1="http://schemas.microsoft.com/clr/nsassem/System.CodeDom/System%2C%20Version%3D4.0.0.0%2C%20Culture%3Dneutral%2C%20PublicKeyToken%3Db77a5c561934e089">
<CollectionBase_x002B_list href="#ref-122"/>
</a1:CodeDirectiveCollection>
<a4:ListDictionary id="ref-57" xmlns:a4="http://schemas.microsoft.com/clr/nsassem/System.Collections.Specialized/System%2C%20Version%3D4.0.0.0%2C%20Culture%3Dneutral%2C%20PublicKeyToken%3Db77a5c561934e089">
<head xsi:null="1"/>
<version>0</version>
<count>0</count>
<comparer xsi:null="1"/>
</a4:ListDictionary>
<a1:CodeComment id="ref-58" xmlns:a1="http://schemas.microsoft.com/clr/nsassem/System.CodeDom/System%2C%20Version%3D4.0.0.0%2C%20Culture%3Dneutral%2C%20PublicKeyToken%3Db77a5c561934e089">
<text id="ref-123">Sheet4_Print_Titles</text>
<docComment>false</docComment>
<CodeObject_x002B_userData href="#ref-124"/>
</a1:CodeComment>
<a1:CodeDirectiveCollection id="ref-59" xmlns:a1="http://schemas.microsoft.com/clr/nsassem/System.CodeDom/System%2C%20Version%3D4.0.0.0%2C%20Culture%3Dneutral%2C%20PublicKeyToken%3Db77a5c561934e089">
<CollectionBase_x002B_list href="#ref-125"/>
</a1:CodeDirectiveCollection>
<a1:CodeDirectiveCollection id="ref-60" xmlns:a1="http://schemas.microsoft.com/clr/nsassem/System.CodeDom/System%2C%20Version%3D4.0.0.0%2C%20Culture%3Dneutral%2C%20PublicKeyToken%3Db77a5c561934e089">
<CollectionBase_x002B_list href="#ref-126"/>
</a1:CodeDirectiveCollection>
<a4:ListDictionary id="ref-61" xmlns:a4="http://schemas.microsoft.com/clr/nsassem/System.Collections.Specialized/System%2C%20Version%3D4.0.0.0%2C%20Culture%3Dneutral%2C%20PublicKeyToken%3Db77a5c561934e089">
<head xsi:null="1"/>
<version>0</version>
<count>0</count>
<comparer xsi:null="1"/>
</a4:ListDictionary>
<a1:CodeComment id="ref-62" xmlns:a1="http://schemas.microsoft.com/clr/nsassem/System.CodeDom/System%2C%20Version%3D4.0.0.0%2C%20Culture%3Dneutral%2C%20PublicKeyToken%3Db77a5c561934e089">
<text href="#ref-83"/>
<docComment>false</docComment>
<CodeObject_x002B_userData href="#ref-127"/>
</a1:CodeComment>
<a1:CodeDirectiveCollection id="ref-63" xmlns:a1="http://schemas.microsoft.com/clr/nsassem/System.CodeDom/System%2C%20Version%3D4.0.0.0%2C%20Culture%3Dneutral%2C%20PublicKeyToken%3Db77a5c561934e089">
<CollectionBase_x002B_list href="#ref-128"/>
</a1:CodeDirectiveCollection>
<a1:CodeDirectiveCollection id="ref-64" xmlns:a1="http://schemas.microsoft.com/clr/nsassem/System.CodeDom/System%2C%20Version%3D4.0.0.0%2C%20Culture%3Dneutral%2C%20PublicKeyToken%3Db77a5c561934e089">
<CollectionBase_x002B_list href="#ref-129"/>
</a1:CodeDirectiveCollection>
<a4:ListDictionary id="ref-65" xmlns:a4="http://schemas.microsoft.com/clr/nsassem/System.Collections.Specialized/System%2C%20Version%3D4.0.0.0%2C%20Culture%3Dneutral%2C%20PublicKeyToken%3Db77a5c561934e089">
<head xsi:null="1"/>
<version>0</version>
<count>0</count>
<comparer xsi:null="1"/>
</a4:ListDictionary>
<a1:CodePropertyReferenceExpression id="ref-66" xmlns:a1="http://schemas.microsoft.com/clr/nsassem/System.CodeDom/System%2C%20Version%3D4.0.0.0%2C%20Culture%3Dneutral%2C%20PublicKeyToken%3Db77a5c561934e089">
<targetObject href="#ref-130"/>
<propertyName href="#ref-95"/>
<parameters href="#ref-131"/>
<CodeObject_x002B_userData href="#ref-132"/>
</a1:CodePropertyReferenceExpression>
<a1:CodeFieldReferenceExpression id="ref-67" xmlns:a1="http://schemas.microsoft.com/clr/nsassem/System.CodeDom/System%2C%20Version%3D4.0.0.0%2C%20Culture%3Dneutral%2C%20PublicKeyToken%3Db77a5c561934e089">
<targetObject href="#ref-133"/>
<fieldName href="#ref-99"/>
<CodeObject_x002B_userData href="#ref-134"/>
</a1:CodeFieldReferenceExpression>
<a1:CodeDirectiveCollection id="ref-68" xmlns:a1="http://schemas.microsoft.com/clr/nsassem/System.CodeDom/System%2C%20Version%3D4.0.0.0%2C%20Culture%3Dneutral%2C%20PublicKeyToken%3Db77a5c561934e089">
<CollectionBase_x002B_list href="#ref-135"/>
</a1:CodeDirectiveCollection>
<a1:CodeDirectiveCollection id="ref-69" xmlns:a1="http://schemas.microsoft.com/clr/nsassem/System.CodeDom/System%2C%20Version%3D4.0.0.0%2C%20Culture%3Dneutral%2C%20PublicKeyToken%3Db77a5c561934e089">
<CollectionBase_x002B_list href="#ref-136"/>
</a1:CodeDirectiveCollection>
<a4:ListDictionary id="ref-70" xmlns:a4="http://schemas.microsoft.com/clr/nsassem/System.Collections.Specialized/System%2C%20Version%3D4.0.0.0%2C%20Culture%3Dneutral%2C%20PublicKeyToken%3Db77a5c561934e089">
<head xsi:null="1"/>
<version>0</version>
<count>0</count>
<comparer xsi:null="1"/>
</a4:ListDictionary>
<a1:CodeComment id="ref-71" xmlns:a1="http://schemas.microsoft.com/clr/nsassem/System.CodeDom/System%2C%20Version%3D4.0.0.0%2C%20Culture%3Dneutral%2C%20PublicKeyToken%3Db77a5c561934e089">
<text href="#ref-83"/>
<docComment>false</docComment>
<CodeObject_x002B_userData href="#ref-137"/>
</a1:CodeComment>
<a1:CodeDirectiveCollection id="ref-72" xmlns:a1="http://schemas.microsoft.com/clr/nsassem/System.CodeDom/System%2C%20Version%3D4.0.0.0%2C%20Culture%3Dneutral%2C%20PublicKeyToken%3Db77a5c561934e089">
<CollectionBase_x002B_list href="#ref-138"/>
</a1:CodeDirectiveCollection>
<a1:CodeDirectiveCollection id="ref-73" xmlns:a1="http://schemas.microsoft.com/clr/nsassem/System.CodeDom/System%2C%20Version%3D4.0.0.0%2C%20Culture%3Dneutral%2C%20PublicKeyToken%3Db77a5c561934e089">
<CollectionBase_x002B_list href="#ref-139"/>
</a1:CodeDirectiveCollection>
<a4:ListDictionary id="ref-74" xmlns:a4="http://schemas.microsoft.com/clr/nsassem/System.Collections.Specialized/System%2C%20Version%3D4.0.0.0%2C%20Culture%3Dneutral%2C%20PublicKeyToken%3Db77a5c561934e089">
<head xsi:null="1"/>
<version>0</version>
<count>0</count>
<comparer xsi:null="1"/>
</a4:ListDictionary>
<a1:CodeComment id="ref-75" xmlns:a1="http://schemas.microsoft.com/clr/nsassem/System.CodeDom/System%2C%20Version%3D4.0.0.0%2C%20Culture%3Dneutral%2C%20PublicKeyToken%3Db77a5c561934e089">
<text id="ref-140">Sheet4</text>
<docComment>false</docComment>
<CodeObject_x002B_userData href="#ref-141"/>
</a1:CodeComment>
<a1:CodeDirectiveCollection id="ref-76" xmlns:a1="http://schemas.microsoft.com/clr/nsassem/System.CodeDom/System%2C%20Version%3D4.0.0.0%2C%20Culture%3Dneutral%2C%20PublicKeyToken%3Db77a5c561934e089">
<CollectionBase_x002B_list href="#ref-142"/>
</a1:CodeDirectiveCollection>
<a1:CodeDirectiveCollection id="ref-77" xmlns:a1="http://schemas.microsoft.com/clr/nsassem/System.CodeDom/System%2C%20Version%3D4.0.0.0%2C%20Culture%3Dneutral%2C%20PublicKeyToken%3Db77a5c561934e089">
<CollectionBase_x002B_list href="#ref-143"/>
</a1:CodeDirectiveCollection>
<a4:ListDictionary id="ref-78" xmlns:a4="http://schemas.microsoft.com/clr/nsassem/System.Collections.Specialized/System%2C%20Version%3D4.0.0.0%2C%20Culture%3Dneutral%2C%20PublicKeyToken%3Db77a5c561934e089">
<head xsi:null="1"/>
<version>0</version>
<count>0</count>
<comparer xsi:null="1"/>
</a4:ListDictionary>
<a1:CodeComment id="ref-79" xmlns:a1="http://schemas.microsoft.com/clr/nsassem/System.CodeDom/System%2C%20Version%3D4.0.0.0%2C%20Culture%3Dneutral%2C%20PublicKeyToken%3Db77a5c561934e089">
<text href="#ref-83"/>
<docComment>false</docComment>
<CodeObject_x002B_userData href="#ref-144"/>
</a1:CodeComment>
<a1:CodeDirectiveCollection id="ref-80" xmlns:a1="http://schemas.microsoft.com/clr/nsassem/System.CodeDom/System%2C%20Version%3D4.0.0.0%2C%20Culture%3Dneutral%2C%20PublicKeyToken%3Db77a5c561934e089">
<CollectionBase_x002B_list href="#ref-145"/>
</a1:CodeDirectiveCollection>
<a1:CodeDirectiveCollection id="ref-81" xmlns:a1="http://schemas.microsoft.com/clr/nsassem/System.CodeDom/System%2C%20Version%3D4.0.0.0%2C%20Culture%3Dneutral%2C%20PublicKeyToken%3Db77a5c561934e089">
<CollectionBase_x002B_list href="#ref-146"/>
</a1:CodeDirectiveCollection>
<a4:ListDictionary id="ref-82" xmlns:a4="http://schemas.microsoft.com/clr/nsassem/System.Collections.Specialized/System%2C%20Version%3D4.0.0.0%2C%20Culture%3Dneutral%2C%20PublicKeyToken%3Db77a5c561934e089">
<head xsi:null="1"/>
<version>0</version>
<count>0</count>
<comparer xsi:null="1"/>
</a4:ListDictionary>
<a4:ListDictionary id="ref-84" xmlns:a4="http://schemas.microsoft.com/clr/nsassem/System.Collections.Specialized/System%2C%20Version%3D4.0.0.0%2C%20Culture%3Dneutral%2C%20PublicKeyToken%3Db77a5c561934e089">
<head xsi:null="1"/>
<version>0</version>
<count>0</count>
<comparer xsi:null="1"/>
</a4:ListDictionary>
<a2:ArrayList id="ref-85" xmlns:a2="http://schemas.microsoft.com/clr/ns/System.Collections">
<_items href="#ref-147"/>
<_size>0</_size>
<_version>0</_version>
</a2:ArrayList>
<a2:ArrayList id="ref-86" xmlns:a2="http://schemas.microsoft.com/clr/ns/System.Collections">
<_items href="#ref-147"/>
<_size>0</_size>
<_version>0</_version>
</a2:ArrayList>
<a4:ListDictionary id="ref-88" xmlns:a4="http://schemas.microsoft.com/clr/nsassem/System.Collections.Specialized/System%2C%20Version%3D4.0.0.0%2C%20Culture%3Dneutral%2C%20PublicKeyToken%3Db77a5c561934e089">
<head xsi:null="1"/>
<version>0</version>
<count>0</count>
<comparer xsi:null="1"/>
</a4:ListDictionary>
<a2:ArrayList id="ref-89" xmlns:a2="http://schemas.microsoft.com/clr/ns/System.Collections">
<_items href="#ref-147"/>
<_size>0</_size>
<_version>0</_version>
</a2:ArrayList>
<a2:ArrayList id="ref-90" xmlns:a2="http://schemas.microsoft.com/clr/ns/System.Collections">
<_items href="#ref-147"/>
<_size>0</_size>
<_version>0</_version>
</a2:ArrayList>
<a4:ListDictionary id="ref-91" xmlns:a4="http://schemas.microsoft.com/clr/nsassem/System.Collections.Specialized/System%2C%20Version%3D4.0.0.0%2C%20Culture%3Dneutral%2C%20PublicKeyToken%3Db77a5c561934e089">
<head xsi:null="1"/>
<version>0</version>
<count>0</count>
<comparer xsi:null="1"/>
</a4:ListDictionary>
<a2:ArrayList id="ref-92" xmlns:a2="http://schemas.microsoft.com/clr/ns/System.Collections">
<_items href="#ref-147"/>
<_size>0</_size>
<_version>0</_version>
</a2:ArrayList>
<a2:ArrayList id="ref-93" xmlns:a2="http://schemas.microsoft.com/clr/ns/System.Collections">
<_items href="#ref-147"/>
<_size>0</_size>
<_version>0</_version>
</a2:ArrayList>
<a1:CodeFieldReferenceExpression id="ref-94" xmlns:a1="http://schemas.microsoft.com/clr/nsassem/System.CodeDom/System%2C%20Version%3D4.0.0.0%2C%20Culture%3Dneutral%2C%20PublicKeyToken%3Db77a5c561934e089">
<targetObject href="#ref-148"/>
<fieldName href="#ref-87"/>
<CodeObject_x002B_userData href="#ref-149"/>
</a1:CodeFieldReferenceExpression>
<a1:CodeExpressionCollection id="ref-96" xmlns:a1="http://schemas.microsoft.com/clr/nsassem/System.CodeDom/System%2C%20Version%3D4.0.0.0%2C%20Culture%3Dneutral%2C%20PublicKeyToken%3Db77a5c561934e089">
<CollectionBase_x002B_list href="#ref-150"/>
</a1:CodeExpressionCollection>
<a4:ListDictionary id="ref-97" xmlns:a4="http://schemas.microsoft.com/clr/nsassem/System.Collections.Specialized/System%2C%20Version%3D4.0.0.0%2C%20Culture%3Dneutral%2C%20PublicKeyToken%3Db77a5c561934e089">
<head xsi:null="1"/>
<version>0</version>
<count>0</count>
<comparer xsi:null="1"/>
</a4:ListDictionary>
<a1:CodeTypeReferenceExpression id="ref-98" xmlns:a1="http://schemas.microsoft.com/clr/nsassem/System.CodeDom/System%2C%20Version%3D4.0.0.0%2C%20Culture%3Dneutral%2C%20PublicKeyToken%3Db77a5c561934e089">
<type href="#ref-151"/>
<CodeObject_x002B_userData href="#ref-152"/>
</a1:CodeTypeReferenceExpression>
<a4:ListDictionary id="ref-100" xmlns:a4="http://schemas.microsoft.com/clr/nsassem/System.Collections.Specialized/System%2C%20Version%3D4.0.0.0%2C%20Culture%3Dneutral%2C%20PublicKeyToken%3Db77a5c561934e089">
<head xsi:null="1"/>
<version>0</version>
<count>0</count>
<comparer xsi:null="1"/>
</a4:ListDictionary>
<a2:ArrayList id="ref-101" xmlns:a2="http://schemas.microsoft.com/clr/ns/System.Collections">
<_items href="#ref-147"/>
<_size>0</_size>
<_version>0</_version>
</a2:ArrayList>
<a2:ArrayList id="ref-102" xmlns:a2="http://schemas.microsoft.com/clr/ns/System.Collections">
<_items href="#ref-147"/>
<_size>0</_size>
<_version>0</_version>
</a2:ArrayList>
<a4:ListDictionary id="ref-103" xmlns:a4="http://schemas.microsoft.com/clr/nsassem/System.Collections.Specialized/System%2C%20Version%3D4.0.0.0%2C%20Culture%3Dneutral%2C%20PublicKeyToken%3Db77a5c561934e089">
<head xsi:null="1"/>
<version>0</version>
<count>0</count>
<comparer xsi:null="1"/>
</a4:ListDictionary>
<a2:ArrayList id="ref-104" xmlns:a2="http://schemas.microsoft.com/clr/ns/System.Collections">
<_items href="#ref-147"/>
<_size>0</_size>
<_version>0</_version>
</a2:ArrayList>
<a2:ArrayList id="ref-105" xmlns:a2="http://schemas.microsoft.com/clr/ns/System.Collections">
<_items href="#ref-147"/>
<_size>0</_size>
<_version>0</_version>
</a2:ArrayList>
<a4:ListDictionary id="ref-107" xmlns:a4="http://schemas.microsoft.com/clr/nsassem/System.Collections.Specialized/System%2C%20Version%3D4.0.0.0%2C%20Culture%3Dneutral%2C%20PublicKeyToken%3Db77a5c561934e089">
<head xsi:null="1"/>
<version>0</version>
<count>0</count>
<comparer xsi:null="1"/>
</a4:ListDictionary>
<a2:ArrayList id="ref-108" xmlns:a2="http://schemas.microsoft.com/clr/ns/System.Collections">
<_items href="#ref-147"/>
<_size>0</_size>
<_version>0</_version>
</a2:ArrayList>
<a2:ArrayList id="ref-109" xmlns:a2="http://schemas.microsoft.com/clr/ns/System.Collections">
<_items href="#ref-147"/>
<_size>0</_size>
<_version>0</_version>
</a2:ArrayList>
<a4:ListDictionary id="ref-110" xmlns:a4="http://schemas.microsoft.com/clr/nsassem/System.Collections.Specialized/System%2C%20Version%3D4.0.0.0%2C%20Culture%3Dneutral%2C%20PublicKeyToken%3Db77a5c561934e089">
<head xsi:null="1"/>
<version>0</version>
<count>0</count>
<comparer xsi:null="1"/>
</a4:ListDictionary>
<a2:ArrayList id="ref-111" xmlns:a2="http://schemas.microsoft.com/clr/ns/System.Collections">
<_items href="#ref-147"/>
<_size>0</_size>
<_version>0</_version>
</a2:ArrayList>
<a2:ArrayList id="ref-112" xmlns:a2="http://schemas.microsoft.com/clr/ns/System.Collections">
<_items href="#ref-147"/>
<_size>0</_size>
<_version>0</_version>
</a2:ArrayList>
<a1:CodeFieldReferenceExpression id="ref-113" xmlns:a1="http://schemas.microsoft.com/clr/nsassem/System.CodeDom/System%2C%20Version%3D4.0.0.0%2C%20Culture%3Dneutral%2C%20PublicKeyToken%3Db77a5c561934e089">
<targetObject href="#ref-148"/>
<fieldName href="#ref-106"/>
<CodeObject_x002B_userData href="#ref-153"/>
</a1:CodeFieldReferenceExpression>
<a1:CodeExpressionCollection id="ref-114" xmlns:a1="http://schemas.microsoft.com/clr/nsassem/System.CodeDom/System%2C%20Version%3D4.0.0.0%2C%20Culture%3Dneutral%2C%20PublicKeyToken%3Db77a5c561934e089">
<CollectionBase_x002B_list href="#ref-154"/>
</a1:CodeExpressionCollection>
<a4:ListDictionary id="ref-115" xmlns:a4="http://schemas.microsoft.com/clr/nsassem/System.Collections.Specialized/System%2C%20Version%3D4.0.0.0%2C%20Culture%3Dneutral%2C%20PublicKeyToken%3Db77a5c561934e089">
<head xsi:null="1"/>
<version>0</version>
<count>0</count>
<comparer xsi:null="1"/>
</a4:ListDictionary>
<a1:CodeTypeReferenceExpression id="ref-116" xmlns:a1="http://schemas.microsoft.com/clr/nsassem/System.CodeDom/System%2C%20Version%3D4.0.0.0%2C%20Culture%3Dneutral%2C%20PublicKeyToken%3Db77a5c561934e089">
<type href="#ref-155"/>
<CodeObject_x002B_userData href="#ref-156"/>
</a1:CodeTypeReferenceExpression>
<a4:ListDictionary id="ref-117" xmlns:a4="http://schemas.microsoft.com/clr/nsassem/System.Collections.Specialized/System%2C%20Version%3D4.0.0.0%2C%20Culture%3Dneutral%2C%20PublicKeyToken%3Db77a5c561934e089">
<head xsi:null="1"/>
<version>0</version>
<count>0</count>
<comparer xsi:null="1"/>
</a4:ListDictionary>
<a2:ArrayList id="ref-118" xmlns:a2="http://schemas.microsoft.com/clr/ns/System.Collections">
<_items href="#ref-147"/>
<_size>0</_size>
<_version>0</_version>
</a2:ArrayList>
<a2:ArrayList id="ref-119" xmlns:a2="http://schemas.microsoft.com/clr/ns/System.Collections">
<_items href="#ref-147"/>
<_size>0</_size>
<_version>0</_version>
</a2:ArrayList>
<a4:ListDictionary id="ref-120" xmlns:a4="http://schemas.microsoft.com/clr/nsassem/System.Collections.Specialized/System%2C%20Version%3D4.0.0.0%2C%20Culture%3Dneutral%2C%20PublicKeyToken%3Db77a5c561934e089">
<head xsi:null="1"/>
<version>0</version>
<count>0</count>
<comparer xsi:null="1"/>
</a4:ListDictionary>
<a2:ArrayList id="ref-121" xmlns:a2="http://schemas.microsoft.com/clr/ns/System.Collections">
<_items href="#ref-147"/>
<_size>0</_size>
<_version>0</_version>
</a2:ArrayList>
<a2:ArrayList id="ref-122" xmlns:a2="http://schemas.microsoft.com/clr/ns/System.Collections">
<_items href="#ref-147"/>
<_size>0</_size>
<_version>0</_version>
</a2:ArrayList>
<a4:ListDictionary id="ref-124" xmlns:a4="http://schemas.microsoft.com/clr/nsassem/System.Collections.Specialized/System%2C%20Version%3D4.0.0.0%2C%20Culture%3Dneutral%2C%20PublicKeyToken%3Db77a5c561934e089">
<head xsi:null="1"/>
<version>0</version>
<count>0</count>
<comparer xsi:null="1"/>
</a4:ListDictionary>
<a2:ArrayList id="ref-125" xmlns:a2="http://schemas.microsoft.com/clr/ns/System.Collections">
<_items href="#ref-147"/>
<_size>0</_size>
<_version>0</_version>
</a2:ArrayList>
<a2:ArrayList id="ref-126" xmlns:a2="http://schemas.microsoft.com/clr/ns/System.Collections">
<_items href="#ref-147"/>
<_size>0</_size>
<_version>0</_version>
</a2:ArrayList>
<a4:ListDictionary id="ref-127" xmlns:a4="http://schemas.microsoft.com/clr/nsassem/System.Collections.Specialized/System%2C%20Version%3D4.0.0.0%2C%20Culture%3Dneutral%2C%20PublicKeyToken%3Db77a5c561934e089">
<head xsi:null="1"/>
<version>0</version>
<count>0</count>
<comparer xsi:null="1"/>
</a4:ListDictionary>
<a2:ArrayList id="ref-128" xmlns:a2="http://schemas.microsoft.com/clr/ns/System.Collections">
<_items href="#ref-147"/>
<_size>0</_size>
<_version>0</_version>
</a2:ArrayList>
<a2:ArrayList id="ref-129" xmlns:a2="http://schemas.microsoft.com/clr/ns/System.Collections">
<_items href="#ref-147"/>
<_size>0</_size>
<_version>0</_version>
</a2:ArrayList>
<a1:CodeFieldReferenceExpression id="ref-130" xmlns:a1="http://schemas.microsoft.com/clr/nsassem/System.CodeDom/System%2C%20Version%3D4.0.0.0%2C%20Culture%3Dneutral%2C%20PublicKeyToken%3Db77a5c561934e089">
<targetObject href="#ref-148"/>
<fieldName href="#ref-123"/>
<CodeObject_x002B_userData href="#ref-157"/>
</a1:CodeFieldReferenceExpression>
<a1:CodeExpressionCollection id="ref-131" xmlns:a1="http://schemas.microsoft.com/clr/nsassem/System.CodeDom/System%2C%20Version%3D4.0.0.0%2C%20Culture%3Dneutral%2C%20PublicKeyToken%3Db77a5c561934e089">
<CollectionBase_x002B_list href="#ref-158"/>
</a1:CodeExpressionCollection>
<a4:ListDictionary id="ref-132" xmlns:a4="http://schemas.microsoft.com/clr/nsassem/System.Collections.Specialized/System%2C%20Version%3D4.0.0.0%2C%20Culture%3Dneutral%2C%20PublicKeyToken%3Db77a5c561934e089">
<head xsi:null="1"/>
<version>0</version>
<count>0</count>
<comparer xsi:null="1"/>
</a4:ListDictionary>
<a1:CodeTypeReferenceExpression id="ref-133" xmlns:a1="http://schemas.microsoft.com/clr/nsassem/System.CodeDom/System%2C%20Version%3D4.0.0.0%2C%20Culture%3Dneutral%2C%20PublicKeyToken%3Db77a5c561934e089">
<type href="#ref-159"/>
<CodeObject_x002B_userData href="#ref-160"/>
</a1:CodeTypeReferenceExpression>
<a4:ListDictionary id="ref-134" xmlns:a4="http://schemas.microsoft.com/clr/nsassem/System.Collections.Specialized/System%2C%20Version%3D4.0.0.0%2C%20Culture%3Dneutral%2C%20PublicKeyToken%3Db77a5c561934e089">
<head xsi:null="1"/>
<version>0</version>
<count>0</count>
<comparer xsi:null="1"/>
</a4:ListDictionary>
<a2:ArrayList id="ref-135" xmlns:a2="http://schemas.microsoft.com/clr/ns/System.Collections">
<_items href="#ref-147"/>
<_size>0</_size>
<_version>0</_version>
</a2:ArrayList>
<a2:ArrayList id="ref-136" xmlns:a2="http://schemas.microsoft.com/clr/ns/System.Collections">
<_items href="#ref-147"/>
<_size>0</_size>
<_version>0</_version>
</a2:ArrayList>
<a4:ListDictionary id="ref-137" xmlns:a4="http://schemas.microsoft.com/clr/nsassem/System.Collections.Specialized/System%2C%20Version%3D4.0.0.0%2C%20Culture%3Dneutral%2C%20PublicKeyToken%3Db77a5c561934e089">
<head xsi:null="1"/>
<version>0</version>
<count>0</count>
<comparer xsi:null="1"/>
</a4:ListDictionary>
<a2:ArrayList id="ref-138" xmlns:a2="http://schemas.microsoft.com/clr/ns/System.Collections">
<_items href="#ref-147"/>
<_size>0</_size>
<_version>0</_version>
</a2:ArrayList>
<a2:ArrayList id="ref-139" xmlns:a2="http://schemas.microsoft.com/clr/ns/System.Collections">
<_items href="#ref-147"/>
<_size>0</_size>
<_version>0</_version>
</a2:ArrayList>
<a4:ListDictionary id="ref-141" xmlns:a4="http://schemas.microsoft.com/clr/nsassem/System.Collections.Specialized/System%2C%20Version%3D4.0.0.0%2C%20Culture%3Dneutral%2C%20PublicKeyToken%3Db77a5c561934e089">
<head xsi:null="1"/>
<version>0</version>
<count>0</count>
<comparer xsi:null="1"/>
</a4:ListDictionary>
<a2:ArrayList id="ref-142" xmlns:a2="http://schemas.microsoft.com/clr/ns/System.Collections">
<_items href="#ref-147"/>
<_size>0</_size>
<_version>0</_version>
</a2:ArrayList>
<a2:ArrayList id="ref-143" xmlns:a2="http://schemas.microsoft.com/clr/ns/System.Collections">
<_items href="#ref-147"/>
<_size>0</_size>
<_version>0</_version>
</a2:ArrayList>
<a4:ListDictionary id="ref-144" xmlns:a4="http://schemas.microsoft.com/clr/nsassem/System.Collections.Specialized/System%2C%20Version%3D4.0.0.0%2C%20Culture%3Dneutral%2C%20PublicKeyToken%3Db77a5c561934e089">
<head xsi:null="1"/>
<version>0</version>
<count>0</count>
<comparer xsi:null="1"/>
</a4:ListDictionary>
<a2:ArrayList id="ref-145" xmlns:a2="http://schemas.microsoft.com/clr/ns/System.Collections">
<_items href="#ref-147"/>
<_size>0</_size>
<_version>0</_version>
</a2:ArrayList>
<a2:ArrayList id="ref-146" xmlns:a2="http://schemas.microsoft.com/clr/ns/System.Collections">
<_items href="#ref-147"/>
<_size>0</_size>
<_version>0</_version>
</a2:ArrayList>
<SOAP-ENC:Array id="ref-147" SOAP-ENC:arrayType="xsd:anyType[0]">
</SOAP-ENC:Array>
<a1:CodeThisReferenceExpression id="ref-148" xmlns:a1="http://schemas.microsoft.com/clr/nsassem/System.CodeDom/System%2C%20Version%3D4.0.0.0%2C%20Culture%3Dneutral%2C%20PublicKeyToken%3Db77a5c561934e089">
<CodeObject_x002B_userData href="#ref-161"/>
</a1:CodeThisReferenceExpression>
<a4:ListDictionary id="ref-149" xmlns:a4="http://schemas.microsoft.com/clr/nsassem/System.Collections.Specialized/System%2C%20Version%3D4.0.0.0%2C%20Culture%3Dneutral%2C%20PublicKeyToken%3Db77a5c561934e089">
<head xsi:null="1"/>
<version>0</version>
<count>0</count>
<comparer xsi:null="1"/>
</a4:ListDictionary>
<a2:ArrayList id="ref-150" xmlns:a2="http://schemas.microsoft.com/clr/ns/System.Collections">
<_items href="#ref-147"/>
<_size>0</_size>
<_version>0</_version>
</a2:ArrayList>
<a1:CodeTypeReference id="ref-151" xmlns:a1="http://schemas.microsoft.com/clr/nsassem/System.CodeDom/System%2C%20Version%3D4.0.0.0%2C%20Culture%3Dneutral%2C%20PublicKeyToken%3Db77a5c561934e089">
<baseType id="ref-162">System.Windows.Forms.DataSourceUpdateMode</baseType>
<isInterface>false</isInterface>
<arrayRank>0</arrayRank>
<arrayElementType xsi:null="1"/>
<typeArguments href="#ref-163"/>
<referenceOptions>0</referenceOptions>
<needsFixup>true</needsFixup>
<CodeObject_x002B_userData href="#ref-164"/>
</a1:CodeTypeReference>
<a4:ListDictionary id="ref-152" xmlns:a4="http://schemas.microsoft.com/clr/nsassem/System.Collections.Specialized/System%2C%20Version%3D4.0.0.0%2C%20Culture%3Dneutral%2C%20PublicKeyToken%3Db77a5c561934e089">
<head xsi:null="1"/>
<version>0</version>
<count>0</count>
<comparer xsi:null="1"/>
</a4:ListDictionary>
<a4:ListDictionary id="ref-153" xmlns:a4="http://schemas.microsoft.com/clr/nsassem/System.Collections.Specialized/System%2C%20Version%3D4.0.0.0%2C%20Culture%3Dneutral%2C%20PublicKeyToken%3Db77a5c561934e089">
<head xsi:null="1"/>
<version>0</version>
<count>0</count>
<comparer xsi:null="1"/>
</a4:ListDictionary>
<a2:ArrayList id="ref-154" xmlns:a2="http://schemas.microsoft.com/clr/ns/System.Collections">
<_items href="#ref-147"/>
<_size>0</_size>
<_version>0</_version>
</a2:ArrayList>
<a1:CodeTypeReference id="ref-155" xmlns:a1="http://schemas.microsoft.com/clr/nsassem/System.CodeDom/System%2C%20Version%3D4.0.0.0%2C%20Culture%3Dneutral%2C%20PublicKeyToken%3Db77a5c561934e089">
<baseType id="ref-165">System.Windows.Forms.DataSourceUpdateMode</baseType>
<isInterface>false</isInterface>
<arrayRank>0</arrayRank>
<arrayElementType xsi:null="1"/>
<typeArguments href="#ref-166"/>
<referenceOptions>0</referenceOptions>
<needsFixup>true</needsFixup>
<CodeObject_x002B_userData href="#ref-167"/>
</a1:CodeTypeReference>
<a4:ListDictionary id="ref-156" xmlns:a4="http://schemas.microsoft.com/clr/nsassem/System.Collections.Specialized/System%2C%20Version%3D4.0.0.0%2C%20Culture%3Dneutral%2C%20PublicKeyToken%3Db77a5c561934e089">
<head xsi:null="1"/>
<version>0</version>
<count>0</count>
<comparer xsi:null="1"/>
</a4:ListDictionary>
<a4:ListDictionary id="ref-157" xmlns:a4="http://schemas.microsoft.com/clr/nsassem/System.Collections.Specialized/System%2C%20Version%3D4.0.0.0%2C%20Culture%3Dneutral%2C%20PublicKeyToken%3Db77a5c561934e089">
<head xsi:null="1"/>
<version>0</version>
<count>0</count>
<comparer xsi:null="1"/>
</a4:ListDictionary>
<a2:ArrayList id="ref-158" xmlns:a2="http://schemas.microsoft.com/clr/ns/System.Collections">
<_items href="#ref-147"/>
<_size>0</_size>
<_version>0</_version>
</a2:ArrayList>
<a1:CodeTypeReference id="ref-159" xmlns:a1="http://schemas.microsoft.com/clr/nsassem/System.CodeDom/System%2C%20Version%3D4.0.0.0%2C%20Culture%3Dneutral%2C%20PublicKeyToken%3Db77a5c561934e089">
<baseType id="ref-168">System.Windows.Forms.DataSourceUpdateMode</baseType>
<isInterface>false</isInterface>
<arrayRank>0</arrayRank>
<arrayElementType xsi:null="1"/>
<typeArguments href="#ref-169"/>
<referenceOptions>0</referenceOptions>
<needsFixup>true</needsFixup>
<CodeObject_x002B_userData href="#ref-170"/>
</a1:CodeTypeReference>
<a4:ListDictionary id="ref-160" xmlns:a4="http://schemas.microsoft.com/clr/nsassem/System.Collections.Specialized/System%2C%20Version%3D4.0.0.0%2C%20Culture%3Dneutral%2C%20PublicKeyToken%3Db77a5c561934e089">
<head xsi:null="1"/>
<version>0</version>
<count>0</count>
<comparer xsi:null="1"/>
</a4:ListDictionary>
<a4:ListDictionary id="ref-161" xmlns:a4="http://schemas.microsoft.com/clr/nsassem/System.Collections.Specialized/System%2C%20Version%3D4.0.0.0%2C%20Culture%3Dneutral%2C%20PublicKeyToken%3Db77a5c561934e089">
<head xsi:null="1"/>
<version>0</version>
<count>0</count>
<comparer xsi:null="1"/>
</a4:ListDictionary>
<a1:CodeTypeReferenceCollection id="ref-163" xmlns:a1="http://schemas.microsoft.com/clr/nsassem/System.CodeDom/System%2C%20Version%3D4.0.0.0%2C%20Culture%3Dneutral%2C%20PublicKeyToken%3Db77a5c561934e089">
<CollectionBase_x002B_list href="#ref-171"/>
</a1:CodeTypeReferenceCollection>
<a4:ListDictionary id="ref-164" xmlns:a4="http://schemas.microsoft.com/clr/nsassem/System.Collections.Specialized/System%2C%20Version%3D4.0.0.0%2C%20Culture%3Dneutral%2C%20PublicKeyToken%3Db77a5c561934e089">
<head xsi:null="1"/>
<version>0</version>
<count>0</count>
<comparer xsi:null="1"/>
</a4:ListDictionary>
<a1:CodeTypeReferenceCollection id="ref-166" xmlns:a1="http://schemas.microsoft.com/clr/nsassem/System.CodeDom/System%2C%20Version%3D4.0.0.0%2C%20Culture%3Dneutral%2C%20PublicKeyToken%3Db77a5c561934e089">
<CollectionBase_x002B_list href="#ref-172"/>
</a1:CodeTypeReferenceCollection>
<a4:ListDictionary id="ref-167" xmlns:a4="http://schemas.microsoft.com/clr/nsassem/System.Collections.Specialized/System%2C%20Version%3D4.0.0.0%2C%20Culture%3Dneutral%2C%20PublicKeyToken%3Db77a5c561934e089">
<head xsi:null="1"/>
<version>0</version>
<count>0</count>
<comparer xsi:null="1"/>
</a4:ListDictionary>
<a1:CodeTypeReferenceCollection id="ref-169" xmlns:a1="http://schemas.microsoft.com/clr/nsassem/System.CodeDom/System%2C%20Version%3D4.0.0.0%2C%20Culture%3Dneutral%2C%20PublicKeyToken%3Db77a5c561934e089">
<CollectionBase_x002B_list href="#ref-173"/>
</a1:CodeTypeReferenceCollection>
<a4:ListDictionary id="ref-170" xmlns:a4="http://schemas.microsoft.com/clr/nsassem/System.Collections.Specialized/System%2C%20Version%3D4.0.0.0%2C%20Culture%3Dneutral%2C%20PublicKeyToken%3Db77a5c561934e089">
<head xsi:null="1"/>
<version>0</version>
<count>0</count>
<comparer xsi:null="1"/>
</a4:ListDictionary>
<a2:ArrayList id="ref-171" xmlns:a2="http://schemas.microsoft.com/clr/ns/System.Collections">
<_items href="#ref-147"/>
<_size>0</_size>
<_version>0</_version>
</a2:ArrayList>
<a2:ArrayList id="ref-172" xmlns:a2="http://schemas.microsoft.com/clr/ns/System.Collections">
<_items href="#ref-147"/>
<_size>0</_size>
<_version>0</_version>
</a2:ArrayList>
<a2:ArrayList id="ref-173" xmlns:a2="http://schemas.microsoft.com/clr/ns/System.Collections">
<_items href="#ref-147"/>
<_size>0</_size>
<_version>0</_version>
</a2:ArrayList>
</SOAP-ENV:Body>
</SOAP-ENV:Envelope>
]]></hostitem:componentsInitialization>
</hostitem:hostItem>